Заказ;"Перевести в пр. коммерч."
191179;ЧП
191177;ЧП
191178;ЧП
292006;ЧП
980310;КП
980713;КП
934410;КП
980613;КП
292016;ЧП
934437;КП
934407;КП
231500;КП
934454;КП
981613;КП
980200;КП
980313;КП
231503;КП
980513;КП
934430;КП
981813;КП
970200;КП
934480;КП
890200;КП
934418;КП
934404;КП
980014;КП
934466;КП
934417;КП
989500;КП
934406;КП
934483;КП
934441;КП
980913;КП
934428;КП
934450;КП
934476;КП
934432;КП
890201;КП
980813;КП
981313;КП
980413;КП
934472;КП
934438;КП
934444;КП
934479;КП
934413;КП
981713;КП
981513;КП
231502;КП
980113;КП
980213;КП
934409;КП
937301;КП
980500;КП
934499;КП
980013;КП
981913;КП
934446;КП
981413;КП
934482;КП
934451;КП
934448;КП
231501;КП
934421;КП
934468;КП
908908;КП
891500;КП
231603;КП
231601;КП
302007;КП
231602;КП
231600;КП
911803;КП
911501;КП
002919;КП
002918;КП
939500;КП
002921;КП
002915;КП
293007;ЧП
293002;ЧП
912931;КП
293008;ЧП
912803;КП
292010;ЧП
293001;ЧП
905000;КП
007658;КП
293021;ЧП
293022;ЧП
292004;ЧП
231304;КП
912936;КП
912923;КП
912906;КП
912940;КП
912942;КП
292003;ЧП
883574;КП
912934;КП
912937;КП
293005;ЧП
912922;КП
912939;КП